{
	"init":[
		3,
		0,
		3,
		3,
		3,
		3,
		0,
		0,
		0,
		0,
		0,
		0,
		0,
		0,
		0,
		0,
		0,
		0,
		3,
		3
	],
	"weight":[
		0,
		0,
		1,
		4,
		9,
		0,
		2.7777777777777776e-2,
		0.1111111111111111,
		0.25,
		0.4444444444444444,
		0.6944444444444444,
		1,
		1.3611111111111112,
		1.7777777777777777,
		2.25,
		2.7777777777777777,
		3.361111111111111,
		4,
		0,
		2.25
	],
	"type":[
		2,
		2,
		4,
		4,
		4,
		4,
		4,
		4,
		4,
		4,
		4,
		4,
		4,
		4,
		4,
		4,
		4,
		4,
		4,
		4
	],
	"2":[
		2.1713317203442,
		2.75172280312268e-2,
		-1.8366443945088988,
		-1.3755624944019985e1,
		-3.362059252653804e1,
		2.136349121994794,
		0.6235683158401051,
		-1.127603127732396,
		-1.870795772967334,
		-0.2606344667294215,
		0,
		0,
		0,
		0,
		0,
		0,
		0,
		0,
		2.136349121994794,
		-6.802886290138516
	],
	"3":[
		2.095382906183887,
		8.43325647093629e-3,
		-2.6500994941171827,
		-1.679645444739757e1,
		-4.037371270286515e1,
		2.065352156976279,
		0.6296063749915959,
		-1.3560354420018903,
		-1.6332022271971844,
		0.245389748255287,
		2.499695540734066,
		0,
		0,
		0,
		0,
		0,
		0,
		0,
		2.065352156976279,
		-8.544414057984008
	],
	"4":[
		2.061599235017106,
		4.264670274877425e-3,
		-1.410748583193513,
		2.5241841802220314e1,
		1.9895372549082578e2,
		2.0541959624345587,
		0.6796873713247749,
		-1.3086648327960573,
		-1.7343216893752558,
		1.829604571988569e-2,
		2.541946528758266,
		2.245191934808692,
		0,
		0,
		0,
		0,
		0,
		0,
		2.0541959624345587,
		1.5808670979787237e1
	],
	"5":[
		2.049103061199347,
		3.270126679759594e-3,
		-1.3960579935865485,
		2.8461368822991528e1,
		2.181182938873788e2,
		2.042292067985833,
		0.7287368411821563,
		-1.3047013581674143,
		-1.82524226900018,
		-6.599244523362768e-2,
		1.322530462711545,
		2.527949620883642,
		0,
		0,
		0,
		0,
		0,
		0,
		2.042292067985833,
		1.7003510475684152e1
	],
	"6":[
		2.036694597105267,
		1.882932605454107e-3,
		-2.1225344676816924,
		-6.0973577708280445e1,
		-9.97122135796587e2,
		2.0304141514180616,
		0.7409928743231216,
		-1.297414316136282,
		-1.8565468029175558,
		-0.16346331414171067,
		1.3184752187808142,
		0.584574497630185,
		-1.021448189709721,
		0,
		0,
		0,
		0,
		0,
		2.0304141514180616,
		-2.1360916503104566e1
	],
	"7":[
		2.032430062490338,
		1.636840064166562e-3,
		-2.16674285489065,
		-6.559128099249473e1,
		-1.0676784397131823e3,
		2.026539413026711,
		0.7801446800860036,
		-1.264142987465625,
		-1.8559972993007468,
		-0.2780410186599351,
		1.8252391592038142,
		0.5922866576216408,
		-0.647486526196466,
		0,
		0,
		0,
		0,
		0,
		2.026539413026711,
		-2.2627198723513757e1
	],
	"8":[
		2.026098349962477,
		1.011410693583209e-3,
		-1.7377680118681975,
		1.3191878247493608e2,
		5.001157827053759e3,
		2.0228639930574537,
		0.7889490123513884,
		-1.255992376115594,
		-1.8727300633409993,
		-0.2750793424000467,
		1.82313270387237,
		2.2496168016637865,
		2.0621601071156126e-2,
		-5.550576965710865,
		0,
		0,
		0,
		0,
		2.0228639930574537,
		2.6998269140962396e1
	],
	"9":[
		2.024122107338498,
		9.194989913413332e-4,
		-1.7224891929277337,
		1.4051712003810778e2,
		5.284903013862844e3,
		2.0210899865527234,
		0.8114132951902656,
		-1.2385508747344967,
		-1.9038163996527069,
		-0.3379595185760808,
		1.4609250888484322,
		2.348303549129282,
		-1.7192864797005714e-2,
		-5.502311189747132,
		-6.19655766114022,
		0,
		0,
		0,
		2.0210899865527234,
		2.826293059606344e1
	],
	"10":[
		2.020292977447469,
		5.844501630989374e-4,
		-2.0883281502189392,
		-2.688834649152255e2,
		-2.3157212915580723e4,
		2.0165483859405207,
		0.8182987388843206,
		-1.2310580120568617,
		-1.9155849204065207,
		-0.3992369976847819,
		1.4506403964055634,
		1.146862625634115,
		-8.051253777914369e-2,
		3.7614260704310762,
		-6.656851215709458,
		0,
		0,
		0,
		2.0165483859405207,
		-3.293786137554023e1
	],
	"11":[
		2.019200461694368,
		5.448517985283952e-4,
		-2.099177665004859,
		-2.843569450445593e2,
		-2.4338986278714838e4,
		2.015592863354459,
		0.8337429114371112,
		-1.2165956561338094,
		-1.9119948073744932,
		-0.4422825145898089,
		1.609988738956369,
		1.1539838140044427,
		7.089454380665802e-2,
		3.785935748008092,
		9.229395218964903,
		0,
		0,
		0,
		2.015592863354459,
		-3.417329974294528e1
	],
	"12":[
		2.016634628817249,
		3.446161481892862e-4,
		-1.8319181910379432,
		5.376246761321688e2,
		1.0526616145943725e5,
		2.0140084452314904,
		0.8392208417342848,
		-1.2100202932674895,
		-1.9199845626784657,
		-0.4414968043231105,
		1.5997740015985833,
		2.1532217810907435,
		-0.11408955202232915,
		-7.423880052843547,
		9.83496605624656,
		2.28149900922655,
		0,
		0,
		2.0140084452314904,
		3.923191764888929e1
	],
	"13":[
		2.015957746383021,
		3.270495735204493e-4,
		-1.8237133339126763,
		5.645922697918945e2,
		1.100026059653678e5,
		2.0134245492072984,
		0.84956259969936,
		-1.2016324746026963,
		-1.9332316430867702,
		-0.47003150591822773,
		1.4468368589139953,
		2.1874004194495793,
		-0.12158830722314395,
		-7.426543931827977,
		-1.7395404928845448e1,
		1.731178710039123,
		0,
		0,
		2.0134245492072984,
		4.048681810270101e1
	],
	"14":[
		2.014116967377062,
		1.980399346237227e-4,
		-2.06421811601306,
		-1.0011081355978014e3,
		-4.4532084725190693e5,
		2.0110810708551092,
		0.8540167525792288,
		-1.1960222630492037,
		-1.9393852313471984,
		-0.5084637978528905,
		1.4372453720013603,
		1.4290235459777723,
		0.32810094691760605,
		4.532696200839518,
		-1.827000609716847e1,
		-1.8970675208134833,
		2.321085613762526e1,
		0,
		2.0110810708551092,
		-4.492488056672157e1
	],
	"15":[
		2.013663019303937,
		1.909313778574728e-4,
		-2.0683924452955145,
		-1.0450240642762587e3,
		-4.629543351237264e5,
		2.0107007383652826,
		0.8622048246725166,
		-1.1881449104849149,
		-1.936520164488638,
		-0.5304548600710549,
		1.5079524594964524,
		1.4332625881468055,
		0.40260773313771914,
		4.586135855682972,
		2.019553421098032e1,
		-1.0066356682537916,
		2.315929729482056e1,
		0,
		2.0107007383652826,
		-4.6175946948365976e1
	],
	"16":[
		2.012276718824196,
		1.031383191054947e-4,
		-1.878754852385153,
		1.758735024469267e3,
		1.7114592247560008e6,
		2.0098566264257274,
		0.8659003901345287,
		-1.1832961239683355,
		-1.9411507229784102,
		-0.5307695862504723,
		1.498860686376681,
		2.0869193837837745,
		-9.584361634283078e-2,
		-7.598734113244891,
		2.1129744569964682e1,
		-0.3858528341117227,
		-6.706599450926578e1,
		3.784558865519463e1,
		2.0098566264257274,
		5.033751559442918e1
	],
	"17":[
		2.011954089627837,
		1.013625970546495e-4,
		-1.8738884699345784,
		1.8264286131603012e3,
		1.7721241448944572e6,
		2.0095927849684845,
		0.8719319951030498,
		-1.1782354131259214,
		-1.9485004026474688,
		-0.5472879962477861,
		1.4170213732400985,
		2.1030885042215335,
		-9.570714049936913e-2,
		-7.627091035142239,
		-2.8439683938395643e1,
		-1.7787394879230534,
		-6.704859735687647e1,
		3.928174407728032e1,
		2.0095927849684845,
		5.158959922279465e1
	],
	"18":[
		2.010871543745016,
		3.908714520226009e-5,
		-2.0482034940268914,
		-2.8988417084550883e3,
		-6.009038195915155e6,
		2.0081740775629875,
		0.8750546118295949,
		-1.1740380965681068,
		-1.9522753418519365,
		-0.5734082799306622,
		1.4091065028767649,
		1.585226403578584,
		0.5101253449451595,
		4.450565122826697,
		-2.9508660680458725e1,
		6.757286343197229,
		1.4691261616846225e2,
		-1.623979590408095e2,
		2.0081740775629875,
		-5.493266661052232e1
	]
}