{"epsilon": 0.008982320291351839, "C": 17.242168802140355, "loss": "epsilon_insensitive"}