{"num_leaves": 63.0, "max_depth": 300.0, "n_estimators": 26.0, "subsample": 0.8519802029323015, "colsample_bytree": 0.7, "min_child_weight": 1.696215867088637e-05, "reg_alpha": 0.3095597260636974, "reg_lambda": 0.25213843342981085}