{"num_leaves": 48.0, "max_depth": 300.0, "n_estimators": 25.0, "subsample": 0.8497786787513912, "colsample_bytree": 0.7, "min_child_weight": 0.01, "reg_alpha": 0.15823027016355323, "reg_lambda": 0.1955384715808696}