{"gamma": 3.152240461086031e-05, "epsilon": 0.001, "C": 967.8212813696863}